node,rtt_latency,r2n_latency,n2r_latency,rssi,radio_rx_energy_mj,radio_tx_energy_mj,cpu_energy_mj,lost_packets_r2n,lost_packets_n2r
fd00::202:2:2:2,29.11,169.8,1.8446744073709552e+19,-86.75,204.6,0.1,18.06,0.0,0.13
fd00::203:3:3:3,93.24,1.838998486117506e+19,571.5,-82.74,216.66,0.04,19.18,1.48,1.48
fd00::204:4:4:4,84.8,119.6,2.7670116110564326e+18,-58.7,2673.85,1.35,243.95,54.2,144.6
