node,rtt_latency,r2n_latency,n2r_latency,rssi,radio_rx_energy_mj,radio_tx_energy_mj,cpu_energy_mj,lost_packets_r2n,lost_packets_n2r,hops
fd00::202:2:2:2,30.25,172.35,1.8446744073709552e+19,-86.75,205.26,0.02,18.06,0.0,0.0,0.0
fd00::203:3:3:3,31.35,1.839033201232206e+19,544.3,-86.73,215.54,0.01,19.06,0.01,0.01,0.0
fd00::204:4:4:4,63.56,106.0,2.305843009213694e+18,-58.12,3678.19,1.69,335.81,65.81,171.44,1.0
